,City,Lat,Lon,Temp,Humidity,Wind,Cloudiness,Date
0,iqaluit,63.75,-68.51,55.2,76,2.24,75,1595892169
1,bilibino,68.05,166.44,52.45,54,5.5,94,1595892215
2,saint-philippe,-21.36,55.77,61.39,82,4.7,94,1595892111
3,olafsvik,64.89,-23.71,48.36,74,10.65,32,1595891954
4,caiaponia,-16.96,-51.81,68.54,40,2.48,0,1595892216
5,albany,42.6,-73.97,91.11,47,1.99,15,1595892082
6,new norfolk,-42.78,147.06,43.3,92,1.34,46,1595892066
7,gibsons,49.4,-123.5,79.95,60,1.99,49,1595892216
8,nikolskoye,59.7,30.79,59.23,77,6.71,22,1595892066
9,vaini,-21.2,-175.2,73.4,83,11.41,40,1595892075
10,punta arenas,-53.15,-70.92,35.29,55,12.75,40,1595892074
11,cidreira,-30.18,-50.21,60.89,97,2.01,100,1595892217
12,tuatapere,-46.13,167.68,41.0,91,1.01,100,1595892217
13,provideniya,64.38,-173.3,51.8,93,6.71,90,1595892134
14,atuona,-9.8,-139.03,79.63,71,25.23,1,1595892218
15,hermanus,-34.42,19.23,46.99,90,6.69,0,1595892218
16,arraial do cabo,-22.97,-42.03,73.4,73,12.75,20,1595892218
17,cockburn town,21.46,-71.14,82.4,77,18.45,0,1595892218
18,kibala,9.11,18.35,73.18,93,2.37,94,1595892219
19,norman wells,65.28,-126.83,73.4,38,8.05,75,1595892219
20,butka,56.72,63.79,52.48,96,6.51,13,1595892219
21,tripoli,32.88,13.19,77.67,72,8.43,0,1595892187
22,rikitea,-23.12,-134.97,72.25,75,11.12,78,1595892147
23,hambantota,6.12,81.12,80.19,78,15.37,100,1595892220
24,tiksi,71.69,128.87,39.52,87,14.9,100,1595892220
25,bredasdorp,-34.53,20.04,41.0,93,1.12,0,1595892097
26,mataura,-46.19,168.86,41.0,91,1.01,100,1595892220
27,popondetta,-8.75,148.25,85.23,61,1.3,77,1595892220
28,jamestown,42.1,-79.24,77.83,78,11.41,40,1595892101
29,ushuaia,-54.8,-68.3,33.8,80,20.8,40,1595892066
30,ahipara,-35.17,173.17,59.34,67,10.04,97,1595892221
31,anisoc,1.87,10.77,69.19,95,1.5,57,1595892221
32,georgetown,5.41,100.34,78.49,94,1.12,20,1595892221
33,ancud,-41.87,-73.82,41.0,93,4.7,49,1595892221
34,riorges,46.04,4.05,74.97,53,3.36,0,1595892222
35,ust-koksa,50.27,85.61,51.82,80,1.34,38,1595892222
36,hobart,-42.88,147.33,45.57,87,10.29,75,1595892057
37,east london,-33.02,27.91,57.97,73,14.56,12,1595892146
38,brigantine,39.41,-74.36,88.32,49,12.75,1,1595892027
39,havelock,34.88,-76.9,85.64,72,4.0,17,1595892043
40,vila franca do campo,37.72,-25.43,71.6,94,2.24,20,1595892223
41,port elizabeth,-33.92,25.57,50.0,76,5.82,0,1595892160
42,udachnyy,66.42,112.4,41.0,93,2.24,90,1595892223
43,nome,64.5,-165.41,51.01,87,17.22,90,1595892223
44,hithadhoo,-0.6,73.08,81.54,79,10.18,100,1595892224
45,amberley,39.2,-84.43,77.25,83,17.22,75,1595892224
46,mahebourg,-20.41,57.7,66.2,88,2.24,40,1595892224
47,moranbah,-22.0,148.05,58.55,40,5.19,0,1595892224
48,jalgaon,21.02,75.57,79.0,82,9.22,92,1595892224
49,shingu,33.73,135.98,78.8,100,6.93,75,1595892225
50,poum,-20.23,164.02,74.32,79,24.58,100,1595892221
51,chuy,-33.7,-53.46,50.22,86,6.15,52,1595892225
52,ponta do sol,32.67,-17.1,68.36,68,17.22,20,1595892225
53,manokwari,-0.87,134.08,77.32,82,4.7,100,1595892156
54,geraldton,-28.77,114.6,59.0,100,6.93,90,1595892226
55,pangnirtung,66.15,-65.71,62.6,51,13.87,90,1595892226
56,khatanga,71.97,102.5,48.24,65,6.87,0,1595892226
57,dikson,73.51,80.55,39.61,84,13.56,55,1595892167
58,pemangkat,1.17,108.97,74.86,89,5.08,78,1595892226
59,charlestown,-32.95,151.67,52.65,98,1.99,100,1595892060
60,saint-joseph,-21.37,55.62,62.44,82,4.7,97,1595892226
61,thompson,55.74,-97.86,64.4,68,12.75,75,1595892192
62,busselton,-33.65,115.33,45.91,98,7.85,2,1595892067
63,avarua,-21.21,-159.78,71.6,78,8.05,80,1595892205
64,butaritari,3.07,172.79,82.78,81,11.18,100,1595892227
65,yumen,40.28,97.2,68.97,21,7.61,0,1595891938
66,laguna,38.42,-121.42,95.94,23,9.17,1,1595892139
67,skjervoy,70.03,20.97,58.33,71,12.24,21,1595892228
68,cape town,-33.93,18.42,52.03,100,2.24,0,1595892015
69,meulaboh,4.14,96.13,74.62,95,3.58,100,1595892228
70,kodiak,57.79,-152.41,62.6,67,8.05,20,1595892228
71,bethel,41.37,-73.41,87.73,55,9.17,1,1595891954
72,klaksvik,62.23,-6.59,46.4,93,13.87,100,1595892229
73,doka,13.52,35.77,71.28,82,5.32,100,1595892229
74,roma,43.21,-75.46,81.36,69,10.29,75,1595892229
75,ayan,56.45,138.17,62.85,77,7.4,99,1595892229
76,binzhou,37.37,118.02,75.72,79,3.58,0,1595892230
77,mizdah,31.45,12.98,71.82,58,9.01,0,1595892230
78,goundam,16.41,-3.67,88.84,50,2.66,63,1595892230
79,coruripe,-10.13,-36.18,73.89,80,11.59,35,1595891975
80,hilo,19.73,-155.09,78.08,62,9.17,75,1595892155
81,butte,39.65,-121.57,100.62,19,9.17,1,1595892230
82,torbay,47.67,-52.73,58.03,100,3.36,90,1595892230
83,asau,46.43,26.4,60.01,89,4.74,67,1595892231
84,carnarvon,-24.87,113.63,51.8,93,8.05,0,1595892231
85,port alfred,-33.59,26.89,55.02,80,12.75,0,1595892231
86,boende,-0.22,20.87,72.41,88,0.54,14,1595892231
87,tuktoyaktuk,69.45,-133.04,68.0,52,14.99,75,1595892231
88,upernavik,72.79,-56.15,44.8,87,4.7,1,1595892232
89,kaitangata,-46.28,169.85,46.99,63,5.99,100,1595892232
90,nanortalik,60.14,-45.24,46.56,94,6.98,100,1595892232
91,ezhou,30.4,114.83,76.05,92,1.52,88,1595892232
92,fort frances,48.6,-93.4,72.9,49,14.99,40,1595892232
93,la ronge,55.1,-105.28,78.8,39,13.87,20,1595892233
94,muscat,23.61,58.59,84.2,94,5.82,0,1595892233
95,liverpool,53.41,-2.98,58.01,77,11.41,40,1595892233
96,esperance,-33.87,121.9,50.0,100,9.17,67,1595892233
97,arman,59.7,150.17,62.69,72,3.78,46,1595892233
98,tateyama,34.98,139.87,80.37,94,13.87,75,1595892233
99,ewa beach,21.32,-158.01,86.27,52,12.75,75,1595892234
100,pacific grove,36.62,-121.92,68.25,60,12.75,1,1595892234
101,mar del plata,-38.0,-57.56,42.8,80,9.17,40,1595891971
102,milford,41.22,-73.06,88.16,62,10.29,40,1595892234
103,guerrero negro,27.98,-114.06,76.39,58,19.95,10,1595892178
104,longyearbyen,78.22,15.64,64.4,55,9.17,2,1595891942
105,hami,42.8,93.45,79.97,28,11.43,4,1595892117
106,linxia,35.6,103.21,61.14,64,5.06,37,1595892235
107,balabac,7.99,117.06,82.24,74,1.43,100,1595892235
108,saldanha,-33.01,17.94,46.4,65,2.24,0,1595892108
109,srednekolymsk,67.45,153.68,61.97,50,14.36,89,1595892236
110,victoria,22.29,114.16,85.33,79,5.01,51,1595892006
111,viedma,-40.81,-63.0,42.01,67,4.0,8,1595892236
112,fairbanks,64.84,-147.72,55.85,87,8.05,90,1595892236
113,garoua,9.3,13.4,74.55,92,4.59,72,1595892236
114,lavrentiya,65.58,-171.0,49.8,82,14.99,48,1595892157
115,kota bahru,6.13,102.24,78.4,83,3.36,20,1595892237
116,cabo san lucas,22.89,-109.91,90.21,55,10.29,75,1595892158
117,akdepe,42.06,59.38,77.94,44,6.93,34,1595892237
118,anadyr,64.75,177.48,69.8,60,8.95,0,1595892234
119,ilulissat,69.22,-51.1,42.8,81,2.24,97,1595892238
120,nisia floresta,-6.09,-35.21,75.22,78,13.87,40,1595892238
121,inhambane,-23.86,35.38,63.9,79,11.34,19,1595892238
122,fortuna,40.6,-124.16,65.61,68,4.0,4,1595892153
123,leshukonskoye,64.9,45.76,57.58,96,2.84,15,1595892088
124,umm kaddadah,13.6,26.69,88.07,46,14.05,22,1595892222
125,terra santa,-2.1,-56.49,82.09,55,2.95,16,1595892239
126,chokurdakh,70.63,147.92,46.69,61,2.8,100,1595891948
127,gamba,-2.65,10.0,72.48,82,5.53,23,1595892239
128,necochea,-38.55,-58.74,42.01,93,5.01,94,1595892239
129,mpulungu,-8.76,31.11,69.39,54,10.36,18,1595892239
130,cherskiy,68.75,161.3,46.56,55,10.96,40,1595892240
131,makakilo city,21.35,-158.09,86.14,52,12.75,75,1595892240
132,langsa,4.47,97.97,75.07,93,0.83,100,1595892240
133,borazjan,29.27,51.22,91.49,60,2.35,46,1595892240
134,santa maria,-29.68,-53.81,62.6,88,3.36,55,1595892240
135,ljungby,56.83,13.94,58.62,93,5.82,100,1595892241
136,airai,-8.93,125.41,55.72,82,3.4,92,1595892098
137,soure,-0.72,-48.52,81.32,79,10.98,0,1595892241
138,akyab,20.15,92.9,81.82,83,2.59,100,1595892241
139,lazurne,46.08,32.53,69.1,78,17.43,100,1595892242
140,adrar,20.5,-10.07,97.03,21,11.18,37,1595892242
141,hasaki,35.73,140.83,81.52,88,5.82,75,1595892242
142,castro,-24.79,-50.01,60.4,76,4.88,100,1595892242
143,hohhot,40.81,111.65,64.4,77,2.24,20,1595892243
144,blagoyevo,63.37,47.92,59.16,82,2.53,94,1595892243
145,faya,18.39,42.45,65.3,77,3.69,40,1595892186
146,amapa,1.0,-52.0,74.98,83,2.68,78,1595892243
147,islamkot,24.7,70.18,86.13,73,15.17,3,1595892244
148,bluff,-46.6,168.33,41.0,91,1.01,100,1595892244
149,mweka,-4.85,21.57,69.15,40,0.58,0,1595892244
150,karwar,14.8,74.13,78.82,82,1.81,95,1595892245
151,poya,-21.35,165.15,74.95,67,8.79,100,1595892245
152,rincon,32.3,-81.24,89.17,62,18.34,75,1595892245
153,touros,-5.2,-35.46,73.4,88,4.7,40,1595892245
154,sekoma,-24.4,23.88,49.89,50,11.92,0,1595892245
155,faanui,-16.48,-151.75,78.82,81,15.05,100,1595892187
156,toamasina,-18.17,49.38,67.86,85,6.26,99,1595892246
157,gojra,31.15,72.69,95.18,38,8.81,0,1595892246
158,wahiawa,21.5,-158.02,85.37,65,11.41,75,1595892246
159,mangan,27.52,88.53,76.03,59,0.56,100,1595892247
160,san patricio,19.22,-104.7,89.6,66,11.41,40,1595892247
161,qaanaaq,77.48,-69.36,46.17,57,3.15,76,1595892150
162,mount gambier,-37.83,140.77,37.4,100,4.7,39,1595892081
163,atar,20.52,-13.05,95.29,33,11.36,55,1595892248
164,kaniama,-7.57,24.18,63.99,41,4.07,0,1595892248
165,batemans bay,-35.72,150.18,57.99,98,5.01,100,1595892248
166,itarema,-2.92,-39.92,78.33,74,14.92,12,1595891962
167,sola,-13.88,167.55,80.62,83,24.72,68,1595892249
168,souillac,-20.52,57.52,66.2,88,2.24,40,1595892207
169,hualmay,-11.1,-77.61,61.63,79,10.38,81,1595891949
170,puerto ayora,-0.74,-90.35,68.72,78,16.11,40,1595892017
171,los llanos de aridane,28.66,-17.92,73.4,73,17.22,75,1595892249
172,honghu,29.82,113.46,74.62,96,2.95,95,1595892250
173,grand-santi,4.25,-54.38,74.91,94,2.84,100,1595892250
174,neiafu,-18.65,-173.98,75.2,88,11.41,75,1595892250
175,paamiut,61.99,-49.67,47.16,84,2.51,96,1595892250
176,sao joao da barra,-21.64,-41.05,72.12,78,15.05,0,1595892250
177,montagnana,45.23,11.46,72.82,84,2.82,0,1595892250
178,tabuk,17.42,121.44,77.58,84,1.63,63,1595892251
179,sao jose da coroa grande,-8.9,-35.15,74.88,78,12.06,93,1595892251
180,saint george,37.1,-113.58,102.43,13,13.87,1,1595892243
181,warkworth,-36.4,174.67,58.66,92,1.99,68,1595892253
182,erdenet,49.03,104.08,57.29,78,1.12,0,1595892253
183,port augusta,-32.5,137.77,39.54,93,5.82,21,1595892143
184,falun,60.6,15.63,51.22,93,1.86,12,1595892254
185,bowen,-20.02,148.23,65.97,77,2.24,0,1595892255
186,yasnyy,51.03,59.87,56.32,86,11.12,6,1595892255
187,darlowo,54.42,16.41,64.99,88,8.5,99,1595892255
188,katima mulilo,-17.5,24.27,44.6,46,1.12,0,1595892255
189,cabedelo,-6.98,-34.83,73.4,94,11.41,75,1595892256
190,hun,29.13,15.95,74.03,64,3.67,0,1595892256
191,ola,59.58,151.28,58.15,85,2.62,78,1595892256
192,acu,-5.58,-36.91,77.43,65,11.74,44,1595892256
193,chimay,50.05,4.32,65.95,72,9.17,44,1595892257
194,zambezi,-13.54,23.1,54.64,47,5.7,0,1595892257
195,khani,41.96,42.96,75.2,94,3.36,75,1595892258
196,guarapari,-20.67,-40.5,73.9,78,4.7,0,1595892258
197,divnoye,45.91,43.35,73.85,40,9.42,73,1595892258
198,lebu,-37.62,-73.65,46.22,70,12.41,6,1595892258
199,north platte,41.12,-100.77,83.43,48,6.93,1,1595892258
200,port lincoln,-34.73,135.87,49.24,77,8.28,100,1595892173
201,yishui,35.78,118.63,70.88,90,3.0,31,1595892259
202,barrow,71.29,-156.79,37.4,86,25.28,90,1595892259
203,cayenne,4.93,-52.33,77.0,94,3.69,38,1595892259
204,dingle,11.0,122.67,78.48,88,4.92,100,1595892259
205,kamenka,51.32,42.77,62.53,59,5.99,18,1595892172
206,goranboy,40.61,46.79,78.8,57,6.93,20,1595892260
207,la grande,45.32,-118.09,93.06,18,10.29,1,1595891993
208,mnogovershinnyy,53.94,139.92,68.23,62,3.94,29,1595892260
209,plastun,44.76,136.29,68.09,80,2.48,83,1595892260
210,bambous virieux,-20.34,57.76,66.11,88,2.24,40,1595892103
211,kapaa,22.08,-159.32,81.32,78,23.04,40,1595892086
212,kawalu,-7.38,108.21,69.64,91,1.14,100,1595892261
213,bosaso,11.28,49.18,89.8,48,14.67,70,1595892166
214,buzmeyin,38.05,58.21,84.2,32,4.7,0,1595892262
215,ilo,-17.64,-71.34,58.44,78,3.24,24,1595892262
216,constitucion,-35.33,-72.42,48.09,63,10.6,0,1595892165
217,kruisfontein,-34.0,24.73,48.49,69,5.35,0,1595892184
218,praia,14.92,-23.51,78.8,74,5.82,75,1595892263
219,calama,-22.47,-68.93,60.8,6,5.82,0,1595892264
220,salalah,17.02,54.09,78.8,94,4.7,75,1595892004
221,lagunas,-5.23,-75.68,76.06,93,1.81,26,1595892265
222,talnakh,69.49,88.4,53.6,58,4.47,23,1595892177
223,berdigestyakh,62.1,126.7,61.61,75,8.32,96,1595892265
224,awbari,26.59,12.78,81.63,23,9.51,0,1595892265
225,chino valley,34.76,-112.45,94.23,19,13.87,20,1595892265
226,glazov,58.14,52.66,57.7,81,2.71,32,1595892266
227,asnaes,55.81,11.5,60.57,100,1.99,97,1595892266
228,gander,48.97,-54.59,59.0,82,5.82,40,1595892266
229,bengkulu,-3.8,102.27,73.78,81,4.21,74,1595892266
230,solnechnyy,50.72,136.63,73.24,69,2.1,29,1595892266
231,ahuimanu,21.44,-157.84,83.25,62,11.41,90,1595892267
232,atyrau,47.12,51.88,66.2,32,6.71,0,1595892267
233,yellowknife,62.46,-114.35,67.17,88,8.05,75,1595892267
234,okhotsk,59.38,143.3,63.93,76,3.18,46,1595892119
235,srandakan,-7.94,110.25,73.06,87,7.16,53,1595892268
236,ribeira grande,38.52,-28.7,74.86,86,4.56,4,1595892202
237,mae chan,20.15,99.85,75.2,100,3.36,40,1595892270
238,kasongo-lunda,-6.47,16.82,70.36,33,2.21,0,1595892270
239,young,-32.68,-57.63,51.01,52,5.01,82,1595892270
240,egvekinot,66.32,-179.17,52.54,73,8.59,71,1595892270
241,raudeberg,61.99,5.14,58.05,93,4.7,100,1595892271
242,nishihara,26.18,127.76,85.06,79,12.75,40,1595892271
243,octeville,49.63,-1.64,60.76,93,13.87,90,1595892271
244,port-gentil,-0.72,8.78,75.2,94,13.51,40,1595892271
245,hay river,60.82,-115.8,69.8,73,10.29,75,1595892271
246,joshimath,30.57,79.57,67.91,60,0.18,85,1595892272
247,mana,5.66,-53.78,79.09,82,4.52,30,1595892272
248,edson,53.58,-116.44,86.0,22,5.82,1,1595892273
249,grand gaube,-20.01,57.66,66.0,82,4.0,1,1595892273
250,baracoa,20.35,-74.5,81.75,77,8.79,92,1595892273
251,columbus,39.96,-83.0,77.18,88,8.05,75,1595892273
252,bara,10.37,10.73,74.89,88,9.08,100,1595892275
253,marzuq,14.4,46.47,71.92,76,1.59,100,1595892276
254,burnie,-41.07,145.92,53.01,51,5.99,0,1595892276
255,labuhan,-6.88,112.21,74.43,82,10.31,46,1595892183
256,seymchan,62.88,152.43,74.86,51,3.96,32,1595892277
257,nizhniy kuranakh,58.84,125.49,74.17,75,6.11,0,1595892277
258,preobrazheniye,42.9,133.91,69.17,73,8.59,57,1595892278
259,grindavik,63.84,-22.43,48.2,81,16.11,75,1595892278
260,zyryanka,65.75,150.85,66.25,69,12.26,97,1595892168
261,kozhva,65.11,57.05,51.03,81,4.72,19,1595892278
262,marawi,8.0,124.29,75.0,91,7.0,98,1595892279
263,san rafael,-34.62,-68.33,47.35,52,9.35,0,1595892139
264,sechura,-5.56,-80.82,68.97,64,16.8,5,1595892279
265,oriximina,-1.77,-55.87,82.38,53,1.9,0,1595892279
266,axim,4.87,-2.24,74.82,87,10.38,85,1595892280
267,aransas pass,27.91,-97.15,85.8,79,12.75,1,1595892280
268,tasiilaq,65.61,-37.64,42.8,87,6.93,100,1595892280
269,lubawa,53.5,19.75,64.51,81,7.72,100,1595892280
270,hobyo,5.35,48.53,79.41,74,22.5,8,1595892280
271,arrecife,28.96,-13.55,73.4,78,21.92,20,1595892280
272,brezovo,42.35,25.08,71.6,72,4.7,40,1595892281
273,urumqi,43.8,87.6,64.4,88,6.71,75,1595892281
274,narsaq,60.92,-46.05,51.8,81,5.82,75,1595892281
275,bathsheba,13.22,-59.52,82.4,78,19.46,40,1595892281
276,glassboro,39.7,-75.11,88.59,62,9.69,86,1595892282
277,richards bay,-28.78,32.04,59.74,78,4.45,68,1595892282
278,sabha,27.04,14.43,82.04,27,11.1,0,1595892129
279,spirit river,55.78,-118.84,86.74,33,5.82,20,1595892283
280,ulaanbaatar,47.91,106.88,55.4,87,4.74,20,1595892029
281,henties bay,-22.12,14.28,60.01,83,3.18,0,1595892283
282,tucuman,-26.82,-65.22,60.8,48,5.82,0,1595892169
283,aleksandrovsk-sakhalinskiy,50.9,142.16,65.3,70,3.2,31,1595892284
284,piracuruca,-3.93,-41.71,78.87,48,4.54,4,1595892285
285,mawlamyine,16.49,97.63,78.12,91,3.71,100,1595892285
286,mehamn,71.04,27.85,60.17,71,9.75,0,1595892285
287,oktyabrskoye,43.06,44.74,64.2,93,6.71,0,1595892285
288,the valley,18.22,-63.06,82.71,79,10.29,40,1595892286
289,lawton,34.61,-98.39,82.58,70,8.05,75,1595892286
290,broome,42.25,-75.83,85.1,55,8.05,75,1595892041
291,kavieng,-2.57,150.8,83.16,75,9.75,14,1595892286
292,ornskoldsvik,63.29,18.72,55.4,100,3.36,90,1595892286
293,mitrofanovka,49.97,39.69,64.04,61,9.28,98,1595892287
294,requena,39.49,-1.1,73.0,60,3.13,61,1595892287
295,umm lajj,25.02,37.27,86.67,65,12.68,5,1595892113
296,vitim,59.45,112.56,60.53,91,10.69,100,1595892287
297,trinidad,-14.83,-64.9,84.2,62,4.7,0,1595892287
298,college,64.86,-147.8,55.54,87,5.82,90,1595892182
299,stromness,58.97,-3.3,52.65,93,17.22,100,1595892288
300,kondoa,-4.9,35.78,55.74,87,3.15,0,1595892288
301,alihe,50.57,123.72,75.54,64,2.66,7,1595892288
302,quatre cocos,-20.21,57.76,66.09,88,2.24,40,1595892288
303,bam,29.11,58.36,82.8,15,9.19,0,1595892288
304,oparino,59.85,48.28,56.82,91,2.33,45,1595892289
305,kendari,-3.94,122.5,73.29,87,3.42,76,1595892289
306,muros,42.78,-9.06,70.0,86,5.03,21,1595892157
307,tazovskiy,67.47,78.7,50.47,67,11.18,59,1595892289
308,saskylakh,71.92,114.08,48.0,71,13.02,42,1595892289
309,lorengau,-2.02,147.27,82.65,74,0.89,17,1595892289
310,severo-kurilsk,50.68,156.12,53.73,88,17.16,93,1595892290
311,teya,60.38,92.63,55.76,76,1.66,93,1595892290
312,whitehorse,60.72,-135.05,51.8,81,4.7,75,1595892290
313,spanish fork,40.12,-111.65,86.9,25,23.04,75,1595892150
314,lagoa,39.05,-27.98,73.8,88,4.63,0,1595892290
315,tessalit,20.2,1.01,86.63,41,11.99,46,1595892290
316,ouargaye,11.5,0.06,78.35,78,7.07,80,1595892291
317,shiyan,32.65,110.78,76.24,88,2.57,92,1595892291
318,sabang,5.89,95.32,80.4,83,26.15,100,1595892291
319,salinopolis,-0.61,-47.36,79.65,83,12.86,0,1595892291
320,comodoro rivadavia,-45.87,-67.5,42.8,56,10.29,10,1595892291
321,ullal,12.8,74.85,75.2,94,1.9,90,1595892291
322,yueyang,29.33,113.09,75.31,95,1.92,73,1595892069
323,altamira,-3.2,-52.21,78.15,57,2.53,0,1595892292
324,yarada,17.65,83.27,78.8,94,2.24,40,1595892292
325,hare bay,48.85,-54.01,59.0,82,5.82,40,1595892292
326,barra do garcas,-15.89,-52.26,73.49,35,1.32,3,1595892292
327,cabra,37.47,-4.44,84.99,46,2.77,0,1595892293
328,port hardy,50.7,-127.42,64.4,77,6.93,20,1595892293
329,ballina,-28.87,153.57,60.85,51,14.99,65,1595892051
330,nemuro,43.32,145.57,58.64,91,7.29,23,1595892293
331,tilichiki,60.47,166.1,64.81,53,7.14,0,1595892293
332,panzhihua,26.59,101.71,66.92,76,0.18,1,1595892293
333,havre-saint-pierre,50.23,-63.6,66.2,82,6.93,90,1595892293
334,najran,17.49,44.13,73.4,88,11.41,40,1595892294
335,calafell,41.2,1.57,79.57,100,0.29,44,1595892294
336,pochutla,15.74,-96.47,82.71,78,4.25,90,1595892175
337,pevek,69.7,170.31,35.98,84,10.54,0,1595892109
338,berlevag,70.86,29.09,59.58,72,9.6,0,1595892211
339,ocos,14.51,-92.19,79.84,94,3.36,75,1595892295
340,zabaykalsk,49.63,117.32,69.15,70,16.2,70,1595892295
341,stettler,52.32,-112.72,80.01,52,5.99,0,1595892295
342,ixtapa,20.7,-105.2,83.61,79,4.7,90,1595892295
343,hunterville,-39.93,175.57,52.68,78,1.99,8,1595892295
344,wamba,8.93,8.6,72.18,95,1.32,98,1595892296
345,gudari,19.35,83.78,79.48,82,0.4,97,1595892296
346,bayburt,40.26,40.23,61.63,60,1.77,0,1595892296
347,dubai,25.26,55.3,94.93,53,6.93,38,1595891646
348,snezhnogorsk,69.19,33.25,50.0,93,2.82,2,1595892296
349,hamilton,39.18,-84.53,79.65,83,17.22,75,1595892297
350,leningradskiy,69.38,178.42,37.4,79,10.02,97,1595892297
351,beira,-19.84,34.84,67.53,82,11.12,96,1595892297
352,husavik,66.04,-17.34,48.2,66,11.41,75,1595892297
353,aklavik,68.22,-135.01,69.8,46,13.87,75,1595892297
354,roald,62.58,6.13,58.73,87,8.05,100,1595892231
355,kitaibaraki,36.78,140.75,75.72,80,2.19,100,1595892298
356,oudtshoorn,-33.59,22.2,46.4,87,2.24,0,1595892298
357,dzhebariki-khaya,62.22,135.8,69.37,63,2.73,100,1595892298
358,khargone,21.82,75.6,78.82,86,7.23,73,1595892298
359,usinsk,65.99,57.53,51.71,78,10.87,75,1595892299
360,verkhnyaya inta,65.98,60.31,49.03,77,7.72,60,1595892299
361,bunia,1.57,30.25,61.86,89,1.7,19,1595892299
362,talara,-4.58,-81.27,64.54,82,16.75,3,1595892299
363,pisco,-13.7,-76.22,60.89,77,17.22,4,1595892170
364,vao,-22.67,167.48,71.49,82,23.2,90,1595892090
365,vanimo,-2.67,141.3,81.54,74,3.89,43,1595892168
366,soria,41.67,-2.67,75.0,56,5.01,3,1595892300
367,manavalakurichi,8.13,77.3,82.4,83,4.7,40,1595892300
368,golden,39.76,-105.22,82.9,26,3.36,75,1595892013
369,aykhal,66.0,111.5,41.0,93,2.24,90,1595892300
370,pitimbu,-7.47,-34.81,73.4,94,11.41,75,1595892300
371,bowling green,36.99,-86.44,89.33,59,5.82,20,1595892041
372,sinnamary,5.38,-52.95,79.47,80,3.49,26,1595892301
373,bud,39.45,-86.18,72.32,97,7.76,80,1595892038
374,kosiv,48.31,25.1,60.55,87,3.51,83,1595892301
375,ocean city,39.28,-74.57,87.19,49,9.17,1,1595892302
376,rawson,-43.3,-65.1,42.98,61,17.05,25,1595892302
377,umba,66.69,34.34,56.3,78,3.74,7,1595892303
378,kaz,52.91,87.31,53.73,91,2.35,11,1595892144
379,camalu,30.85,-116.07,75.0,46,5.01,10,1595892304
380,cap malheureux,-19.98,57.61,66.0,82,4.0,1,1595892305
381,katsuura,35.13,140.3,80.94,94,13.87,75,1595892128
382,zemio,5.03,25.14,69.42,95,2.59,100,1595892305
383,northam,51.03,-4.22,58.33,89,11.01,13,1595892305
384,vestmannaeyjar,63.44,-20.27,52.47,73,22.35,0,1595892305
385,sept-iles,50.2,-66.38,63.25,100,6.93,75,1595892101
386,ostrovnoy,68.05,39.51,53.87,88,1.34,0,1595892306
387,puerto colombia,10.99,-74.95,84.2,79,12.75,40,1595892306
388,yar-sale,66.83,70.83,48.22,73,12.8,100,1595892306
389,quelimane,-17.88,36.89,66.09,88,2.24,20,1595892306
390,shaowu,27.34,117.48,79.66,81,1.5,100,1595892306
391,lao cai,22.48,103.95,74.62,83,1.19,73,1595892307
392,funadhoo,6.15,73.27,81.43,80,13.49,82,1595892307
393,coahuayana,18.73,-103.68,82.4,69,13.87,40,1595892307
394,nara,34.69,135.8,84.25,74,2.24,75,1595892062
395,roudnice,50.18,15.65,62.38,82,2.24,100,1595892307
396,lahaina,20.88,-156.68,83.25,58,12.75,20,1595892303
397,aguas formosas,-17.08,-40.94,65.05,86,3.6,20,1595892308
398,krivosheino,57.34,83.93,50.56,92,2.93,0,1595892308
399,santarem,-2.44,-54.71,82.4,78,5.82,0,1595892308
400,superior,46.72,-92.1,78.73,41,13.87,1,1595892308
401,tiznit,29.58,-9.5,80.91,38,0.94,33,1595892309
402,biltine,14.53,20.92,83.59,58,11.41,100,1595892309
403,half moon bay,37.46,-122.43,70.36,82,8.05,75,1595892039
404,tual,-5.67,132.75,78.76,80,20.87,100,1595892309
405,san vicente,-26.62,-54.13,62.91,86,2.68,23,1595892309
406,rockland,41.17,-74.05,90.14,58,1.01,27,1595892310
407,taoudenni,22.68,-3.98,98.42,9,7.65,0,1595892310
408,marsh harbour,26.54,-77.06,83.28,73,8.32,38,1595892310
409,clyde river,70.47,-68.59,41.0,100,13.87,90,1595892310
410,codrington,-38.27,141.97,46.85,90,4.88,11,1595892310
411,yuzhne,46.62,31.1,73.2,60,11.18,99,1595892310
412,podgorenskiy,50.41,39.64,64.35,61,9.13,86,1595892311
413,novo aripuana,-5.12,-60.38,81.25,49,1.19,4,1595892311
414,lubumbashi,-11.66,27.48,50.31,68,4.27,0,1595892311
415,orotukan,62.27,151.7,76.8,29,8.55,26,1595892311
416,lasa,46.62,10.7,62.6,93,4.7,5,1595892311
417,tadine,-21.55,167.88,74.19,75,17.98,100,1595892312
418,buala,-8.14,159.59,83.5,76,9.19,76,1595892076
419,kuytun,54.34,101.5,55.45,91,6.49,6,1595892312
420,powell river,49.85,-124.54,81.28,44,5.82,20,1595892312
421,ambilobe,-13.2,49.05,70.9,77,1.7,78,1595892312
422,ankang,32.68,109.02,74.25,84,2.39,9,1595892313
423,coihaique,-45.58,-72.07,41.0,60,3.36,20,1595892313
424,abu samrah,35.3,37.18,79.27,44,2.59,31,1595892313
425,korla,41.76,86.15,78.01,79,5.99,77,1595892313
426,george town,5.41,100.34,78.49,94,1.12,20,1595892314
427,gorontalo,0.54,123.06,77.86,82,3.96,99,1595892314
428,kismayo,-0.36,42.55,77.67,83,21.56,56,1595892314
429,hirara,24.8,125.28,84.94,83,9.17,40,1595892102
430,arica,-18.48,-70.3,60.8,77,9.17,90,1595892314
431,port keats,-14.25,129.55,67.6,27,15.82,34,1595892315
432,vila velha,-20.33,-40.29,73.89,78,4.7,0,1595892315
433,magadan,59.57,150.8,60.17,79,3.76,50,1595892315
434,lima,-12.04,-77.03,59.0,87,9.17,90,1595892285
435,neuquen,-38.95,-68.06,44.6,81,5.82,0,1595892241
436,san carlos,9.66,-68.58,75.96,93,0.4,100,1595892315
437,igarka,67.47,86.58,47.59,62,12.01,1,1595892316
438,alcudia,39.85,3.12,77.56,50,5.82,0,1595892316
439,port macquarie,-31.43,152.92,64.99,63,1.01,68,1595892316
440,rio gallegos,-51.62,-69.22,33.8,74,14.99,40,1595892316
441,peachtree city,33.4,-84.6,89.38,49,4.7,96,1595892316
442,pasni,25.26,63.47,84.15,82,13.58,39,1595892316
443,turiacu,-1.66,-45.37,75.51,85,4.83,40,1595892317
444,griffith,41.53,-87.42,81.97,51,6.93,1,1595892248
445,high level,58.52,-117.14,86.0,30,8.05,40,1595892226
446,samarai,-10.62,150.67,79.61,89,10.6,93,1595892317
447,kushmurun,52.45,64.63,57.29,78,9.78,6,1595892317
448,damghan,36.17,54.35,81.52,31,6.51,1,1595892318
449,gap,44.67,6.0,57.34,69,2.93,0,1595892318
450,banapur,19.78,85.18,84.69,77,5.41,100,1595892318
451,grants,35.15,-107.85,68.0,68,11.01,75,1595892197
452,bac lieu,9.29,105.72,81.12,81,5.95,35,1595892239
453,culiacan,24.8,-107.39,84.06,70,13.87,90,1595892122
454,beipiao,41.79,120.78,71.64,78,8.55,22,1595892319
455,belyy yar,53.6,91.39,53.6,100,1.63,100,1595892136
456,krasnokamensk,50.1,118.04,71.51,64,12.64,89,1595892319
457,santo antonio do ica,-3.1,-67.94,75.56,94,1.81,73,1595892319
458,santa cecilia,-26.96,-50.43,55.17,97,2.62,68,1595892319
459,tacoronte,28.48,-16.41,69.21,93,20.8,90,1595892186
460,komsomolskiy,40.43,71.72,77.0,44,2.24,13,1595892320
461,campos altos,-19.7,-46.17,61.65,69,2.19,61,1595892320
462,kieta,-6.22,155.63,83.7,68,2.8,100,1595892320
463,baoding,38.85,115.49,75.4,74,2.15,15,1595892320
464,majene,-3.54,118.97,76.82,85,11.1,36,1595892320
465,botwood,49.15,-55.35,61.0,75,3.44,34,1595892321
466,sitka,57.05,-135.33,57.2,82,4.7,75,1595892321
467,scarborough,54.28,-0.4,52.41,84,5.01,0,1595892321
468,lompoc,34.64,-120.46,68.02,64,16.11,4,1595892321
469,oyama,36.3,139.8,75.2,100,2.24,75,1595892321
470,port hedland,-20.32,118.57,50.0,46,8.05,97,1595892321
471,leninskoye,47.94,132.62,74.73,87,5.08,6,1595892322
472,raga,8.46,25.68,69.24,95,5.12,98,1595892322
473,kilingi-nomme,58.15,24.96,60.62,96,1.32,100,1595892322
474,anahuac,27.23,-100.15,80.6,83,6.93,75,1595892322
475,samana,19.21,-69.34,82.4,83,4.7,75,1595892322
476,melbu,68.5,14.83,57.0,85,1.01,37,1595892323
477,luanda,-8.84,13.23,71.6,88,4.7,20,1595892037
478,subiaco,41.93,13.09,71.55,49,3.0,0,1595892323
479,ulladulla,-35.35,150.47,55.0,100,28.86,75,1595892160
480,tabon,9.24,117.99,80.37,81,2.51,100,1595892323
481,san cristobal,7.77,-72.22,84.2,66,9.17,40,1595892323
482,kumukh,42.17,47.12,59.04,69,4.7,0,1595892324
483,indian trail,35.08,-80.67,90.01,59,5.82,1,1595892324
484,belle fourche,44.67,-103.85,88.59,23,9.17,1,1595892324
485,bayonet point,28.33,-82.68,85.87,67,10.56,30,1595892324
486,quesnel,53.0,-122.5,84.2,42,3.36,1,1595892063
487,koudougou,12.25,-2.37,79.54,78,8.61,46,1595892325
488,corinto,37.94,22.96,78.39,43,1.01,5,1595892325
489,santa vitoria do palmar,-33.52,-53.37,50.72,85,5.26,37,1595892325
490,pafos,34.77,32.42,72.43,88,6.93,0,1595892325
491,honningsvag,70.98,25.97,60.17,70,15.48,0,1595892325
492,atocha,-20.93,-66.23,35.85,59,2.95,0,1595892325
493,zhigansk,66.77,123.37,49.66,76,12.24,81,1595892326
494,cuamba,-14.8,36.54,62.64,77,4.36,77,1595892326
495,ponta delgada,37.73,-25.67,71.6,94,2.24,20,1595892326
496,mount darwin,-16.77,31.58,50.32,83,3.8,1,1595892326
497,moyale,3.52,39.06,69.1,71,14.58,54,1595892326
498,bairiki,1.33,172.98,87.8,70,11.41,75,1595892326
499,koror,7.34,134.47,80.6,83,8.05,90,1595892101
500,kenai,60.55,-151.26,62.53,72,13.87,1,1595892327
501,eureka,40.8,-124.16,64.47,48,1.99,8,1595892327
502,shimoda,34.67,138.95,77.38,100,17.22,75,1595892327
503,ivdel,60.69,60.42,53.74,76,3.62,65,1595892327
504,kailua,21.4,-157.74,83.01,62,11.41,90,1595892327
505,ugoofaaru,5.67,73.0,81.36,79,12.37,74,1595892328
506,kurilsk,45.23,147.88,56.68,77,3.09,93,1595892328
507,alofi,-19.06,-169.92,78.8,65,18.34,40,1595892328
508,sundsvall,62.39,17.31,55.9,100,3.36,97,1595892328
509,lac-megantic,45.58,-70.88,72.93,100,5.88,90,1595892329
510,tautira,-17.73,-149.15,82.4,69,12.75,75,1595892329
511,teknaf,20.86,92.31,81.43,86,3.65,100,1595892329
512,mezen,65.85,44.24,54.86,91,3.6,17,1595892329
513,bintulu,3.17,113.03,75.09,100,2.24,40,1595892329
514,pandan,14.05,124.17,81.99,79,1.41,100,1595892330
515,shar,49.59,81.05,64.24,55,7.14,72,1595892330
516,mezimesti,50.62,16.24,60.64,74,4.41,97,1595892330
517,lovozero,68.0,35.01,54.84,79,6.98,13,1595892330
518,erzin,36.96,36.2,82.0,90,0.63,7,1595892331
519,luderitz,-26.65,15.16,57.2,87,2.24,0,1595892073
520,tevaitoa,-16.78,-151.5,79.47,80,14.81,99,1595892331
521,troy,42.61,-83.15,83.28,55,9.17,1,1595892331
522,zwedru,6.07,-8.13,69.76,96,2.71,80,1595892331
523,perth,-31.93,115.83,54.7,100,8.05,75,1595892159
524,riyadh,24.69,46.72,89.6,29,7.78,63,1595892255
525,odder,55.97,10.15,61.0,89,7.0,100,1595892332
526,northport,33.23,-87.58,86.0,62,5.82,1,1595892332
527,dunedin,-45.87,170.5,46.99,77,1.99,100,1595892332
528,katangli,51.71,143.23,63.23,74,6.15,2,1595892333
529,margate,51.38,1.39,63.66,81,5.01,80,1595892192
530,dicabisagan,17.08,122.42,80.76,82,3.65,74,1595892186
531,micheweni,-4.97,39.83,76.44,79,17.81,0,1595892333
532,pacifica,37.61,-122.49,62.26,64,21.92,20,1595892107
533,saint paul,44.94,-93.09,81.77,39,21.92,20,1595892104
534,wewak,-3.55,143.63,81.64,74,4.54,85,1595892334
535,akureyri,65.68,-18.09,48.2,66,11.41,75,1595892179
536,ranau,5.95,116.66,75.63,94,5.82,20,1595892334
537,tabas,33.6,56.92,86.0,17,2.24,0,1595892335
538,novoseleznevo,55.68,69.21,52.99,90,5.75,25,1595892335
539,jumla,29.27,82.18,62.69,71,1.86,95,1595892335
540,watsa,3.04,29.54,62.92,99,1.97,79,1595892335
541,priego de cordoba,37.44,-4.2,84.99,46,2.53,0,1595892335
542,spassk-ryazanskiy,54.41,40.38,63.0,67,3.13,87,1595892336
543,pimentel,-6.84,-79.93,62.6,77,21.92,32,1595892336
544,tonekabon,36.82,50.87,78.8,88,2.64,40,1595892336
545,biloela,-24.42,150.5,57.6,48,5.61,0,1595892336
546,falam,22.92,93.68,62.53,100,0.74,100,1595892336
547,namwala,-15.75,26.44,50.14,65,4.45,0,1595892337
548,vaitape,-16.52,-151.75,79.66,79,14.88,100,1595892337
